{"cameraMode":{"drawMode":0,"name":"Shaded","section":"Shading Mode"},"sceneLighting":true,"audioPlay":false,"sceneViewState":{"showFog":true,"showMaterialUpdate":false,"showSkybox":true,"showFlares":true,"showImageEffects":true,"showParticleSystems":true},"in2DMode":false,"pivot":{"x":95.23589324951172,"y":-207.84156799316407,"z":-142.9686279296875},"rotation":{"x":-0.015895001590251924,"y":0.9634833931922913,"z":-0.26076239347457888,"w":-0.058737192302942279},"size":773.678955078125,"orthographic":false}