{"cameraMode":{"drawMode":2,"name":"Shaded Wireframe","section":"Shading Mode"},"sceneLighting":true,"audioPlay":false,"sceneViewState":{"showFog":true,"showMaterialUpdate":false,"showSkybox":true,"showFlares":true,"showImageEffects":true,"showParticleSystems":true},"in2DMode":false,"pivot":{"x":8.371533393859864,"y":-42.51201629638672,"z":9.916513442993164},"rotation":{"x":0.6631054282188416,"y":0.023564761504530908,"z":-0.020894436165690423,"w":0.7478631734848023},"size":61.77519607543945,"orthographic":false}